metric,treatment,control,treatment_mean,control_mean,mean_improvement,treatment_ci_lo,treatment_ci_hi,control_ci_lo,control_ci_hi,ci_overlap,t_statistic,p_value,significant,cohens_d,effect_magnitude,n_users
hit_rate,GraphMindRL,Markov-2,0.9357,0.9297,0.0061,0.9161,0.9518,0.9036,0.9502,True,-1.4596,0.154802,False,0.099,negligible,31
hit_rate,GraphMindRL,GraphOnly,0.9357,0.938,-0.0023,0.9145,0.9518,0.9149,0.9555,True,0.9606,0.344433,False,-0.0403,negligible,31
hit_rate,GraphMindRL,Graph+Confidence,0.9357,0.9355,0.0002,0.9157,0.9519,0.9155,0.952,True,-0.2488,0.805222,False,0.0044,negligible,31
f1,GraphMindRL,Markov-2,0.3713,0.3324,0.0389,0.3533,0.3915,0.3192,0.3458,False,-5.7997,2e-06,True,0.8006,large,31
f1,GraphMindRL,GraphOnly,0.3713,0.3023,0.069,0.3519,0.3928,0.2925,0.3113,False,-10.8362,0.0,True,1.5324,large,31
f1,GraphMindRL,Graph+Confidence,0.3713,0.3267,0.0446,0.3518,0.3915,0.3081,0.3486,False,-21.3446,0.0,True,0.7712,medium,31
latency_saved_ms,GraphMindRL,Markov-2,2002.54,1993.8442,8.6958,1896.4085,2098.5744,1885.6625,2101.9288,True,-1.4368,0.161112,False,0.0285,negligible,31
latency_saved_ms,GraphMindRL,GraphOnly,2002.54,2005.739,-3.199,1899.9196,2105.7048,1898.7434,2102.288,True,0.9412,0.354108,False,-0.0107,negligible,31
latency_saved_ms,GraphMindRL,Graph+Confidence,2002.54,2002.2139,0.3261,1898.736,2097.0934,1896.18,2098.2709,True,-0.2425,0.810027,False,0.0011,negligible,31
