user_id,policy,hit_rate,precision,recall,f1,latency_saved_ms,latency_saved_pct
31_F,Random,0.9536,0.1753,0.5153,0.2617,2350.09,85.06
31_F,LRU,0.9927,0.8735,0.9614,0.9154,2406.85,87.11
31_F,LFU,0.9927,0.8531,0.9661,0.9061,2406.85,87.11
31_F,Frequency,0.9915,0.691,0.9179,0.7884,2405.27,87.05
31_F,RecencyFrequency,0.9931,0.7702,0.9437,0.8481,2407.45,87.13
31_F,Markov-1,0.9927,0.8251,0.9573,0.8863,2407.16,87.12
31_F,Markov-2,0.9935,0.8263,0.9551,0.886,2408.45,87.17
31_F,VariableOrderMarkov,0.9915,0.814,0.9563,0.8794,2405.47,87.06
31_F,ContextMarkov,0.9919,0.8476,0.9653,0.9026,2405.96,87.08
31_F,ClusterMarkov,0.9882,0.8112,0.9554,0.8774,2400.53,86.88
31_F,GlobalMarkov2,0.9886,0.7827,0.9466,0.8569,2400.83,86.89
31_F,GraphOnly,0.9927,0.8251,0.9573,0.8863,2407.16,87.12
31_F,Graph+Confidence,0.9919,0.8835,0.9706,0.925,2405.87,87.07
31_F,GraphMindRL,0.9923,0.8731,0.961,0.915,2406.46,87.1
31_F,RLAdaptiveEnsemble,0.9919,0.8444,0.9645,0.9005,2405.96,87.08
5_F,Random,0.6497,0.1283,0.4239,0.197,1396.72,50.55
5_F,LRU,0.8805,0.3472,0.7231,0.4692,1731.3,62.66
5_F,LFU,0.8805,0.3514,0.7298,0.4743,1731.3,62.66
5_F,Frequency,0.88,0.3346,0.7155,0.456,1730.56,62.63
5_F,RecencyFrequency,0.88,0.3391,0.7195,0.4609,1730.56,62.63
5_F,Markov-1,0.9022,0.4207,0.7813,0.5469,1762.88,63.8
5_F,Markov-2,0.8896,0.4034,0.7511,0.5249,1744.56,63.14
5_F,VariableOrderMarkov,0.8821,0.3741,0.7493,0.499,1733.72,62.75
5_F,ContextMarkov,0.878,0.3629,0.7401,0.487,1727.61,62.53
5_F,ClusterMarkov,0.8569,0.3471,0.7255,0.4696,1697.26,61.43
5_F,GlobalMarkov2,0.871,0.3743,0.7354,0.4961,1717.31,62.15
5_F,GraphOnly,0.9022,0.4207,0.7813,0.5469,1762.88,63.8
5_F,Graph+Confidence,0.8795,0.4134,0.776,0.5394,1729.82,62.61
5_F,GraphMindRL,0.8785,0.4358,0.7566,0.5531,1728.35,62.55
5_F,RLAdaptiveEnsemble,0.8795,0.3687,0.7449,0.4933,1729.72,62.6
2_F,Random,0.8818,0.1827,0.5277,0.2714,1578.78,57.14
2_F,LRU,0.9581,0.4107,0.7755,0.537,1689.48,61.15
2_F,LFU,0.9581,0.6588,0.9049,0.7625,1689.48,61.15
2_F,Frequency,0.959,0.527,0.8478,0.65,1690.84,61.2
2_F,RecencyFrequency,0.959,0.5345,0.8516,0.6568,1690.84,61.2
2_F,Markov-1,0.9618,0.7131,0.924,0.805,1693.55,61.29
2_F,Markov-2,0.9553,0.7061,0.9123,0.7961,1684.94,60.98
2_F,VariableOrderMarkov,0.9516,0.6763,0.9126,0.7769,1679.49,60.79
2_F,ContextMarkov,0.9534,0.6154,0.8889,0.7273,1682.22,60.88
2_F,ClusterMarkov,0.9507,0.6721,0.9102,0.7732,1679.05,60.77
2_F,GlobalMarkov2,0.9507,0.6782,0.9059,0.7757,1678.13,60.74
2_F,GraphOnly,0.9618,0.7131,0.924,0.805,1693.55,61.29
2_F,Graph+Confidence,0.9581,0.6827,0.912,0.7809,1689.48,61.15
2_F,GraphMindRL,0.959,0.6263,0.8688,0.7279,1690.84,61.2
2_F,RLAdaptiveEnsemble,0.9497,0.6894,0.9173,0.7872,1676.77,60.69
35_F,Random,0.9076,0.1834,0.529,0.2724,2248.4,81.38
35_F,LRU,0.9755,0.4489,0.7251,0.5545,2345.23,84.88
35_F,LFU,0.9755,0.3331,0.7131,0.4541,2345.39,84.89
35_F,Frequency,0.9735,0.2616,0.6391,0.3712,2342.41,84.78
35_F,RecencyFrequency,0.9749,0.2831,0.6638,0.3969,2344.24,84.84
35_F,Markov-1,0.9885,0.6883,0.9146,0.7854,2364.26,85.57
35_F,Markov-2,0.9817,0.7096,0.9119,0.7981,2354.33,85.21
35_F,VariableOrderMarkov,0.9701,0.3461,0.7258,0.4687,2337.17,84.59
35_F,ContextMarkov,0.9728,0.3392,0.7196,0.461,2341.05,84.73
35_F,ClusterMarkov,0.9586,0.3419,0.7203,0.4637,2321.34,84.02
35_F,GlobalMarkov2,0.9742,0.6885,0.9077,0.7831,2342.81,84.79
35_F,GraphOnly,0.9885,0.6883,0.9146,0.7854,2364.26,85.57
35_F,Graph+Confidence,0.9803,0.7532,0.9351,0.8344,2352.34,85.14
35_F,GraphMindRL,0.981,0.7578,0.9232,0.8324,2353.34,85.17
35_F,RLAdaptiveEnsemble,0.9728,0.3358,0.7165,0.4572,2340.99,84.73
19_F,Random,0.7122,0.1328,0.4337,0.2033,1445.52,52.32
19_F,LRU,0.9399,0.4376,0.7947,0.5644,1774.48,64.22
19_F,LFU,0.9406,0.5938,0.8794,0.7089,1775.41,64.26
19_F,Frequency,0.9404,0.5948,0.8801,0.7099,1775.09,64.25
19_F,RecencyFrequency,0.9404,0.5948,0.8801,0.7099,1775.09,64.25
19_F,Markov-1,0.9416,0.7183,0.9247,0.8085,1777.1,64.32
19_F,Markov-2,0.9373,0.7401,0.9251,0.8223,1771.04,64.1
19_F,VariableOrderMarkov,0.93,0.7177,0.9271,0.8091,1760.33,63.71
19_F,ContextMarkov,0.9329,0.7001,0.9211,0.7955,1764.34,63.86
19_F,ClusterMarkov,0.911,0.718,0.925,0.8085,1732.83,62.72
19_F,GlobalMarkov2,0.9266,0.7061,0.9162,0.7975,1755.48,63.54
19_F,GraphOnly,0.9416,0.7183,0.9247,0.8085,1777.1,64.32
19_F,Graph+Confidence,0.945,0.6981,0.9173,0.7928,1781.94,64.49
19_F,GraphMindRL,0.9435,0.7053,0.9031,0.7921,1779.76,64.41
19_F,RLAdaptiveEnsemble,0.9337,0.7071,0.9235,0.801,1765.68,63.9
34_F,Random,0.8699,0.1798,0.5229,0.2676,2101.89,76.07
34_F,LRU,0.9384,0.3581,0.6389,0.459,2202.82,79.73
34_F,LFU,0.9384,0.2719,0.6425,0.3821,2202.82,79.73
34_F,Frequency,0.9486,0.2721,0.6514,0.3838,2217.84,80.27
34_F,RecencyFrequency,0.9452,0.2762,0.6561,0.3887,2212.83,80.09
34_F,Markov-1,0.976,0.637,0.8958,0.7446,2258.69,81.75
34_F,Markov-2,0.976,0.6473,0.8698,0.7422,2259.28,81.77
34_F,VariableOrderMarkov,0.9623,0.2727,0.6521,0.3845,2236.48,80.94
34_F,ContextMarkov,0.9521,0.2665,0.645,0.3772,2222.25,80.43
34_F,ClusterMarkov,0.9418,0.2661,0.6431,0.3764,2207.03,79.88
34_F,GlobalMarkov2,0.9521,0.5615,0.8506,0.6765,2224.23,80.5
34_F,GraphOnly,0.976,0.637,0.8958,0.7446,2258.69,81.75
34_F,Graph+Confidence,0.9692,0.665,0.9024,0.7657,2247.88,81.36
34_F,GraphMindRL,0.9623,0.6715,0.8864,0.7641,2237.87,80.99
34_F,RLAdaptiveEnsemble,0.9452,0.267,0.6455,0.3777,2211.45,80.04
28_F,Random,0.6445,0.125,0.4167,0.1923,1498.21,54.22
28_F,LRU,0.8663,0.3366,0.7138,0.4575,1823.21,65.99
28_F,LFU,0.8736,0.3631,0.74,0.4872,1833.76,66.37
28_F,Frequency,0.8498,0.3198,0.7015,0.4393,1799.05,65.11
28_F,RecencyFrequency,0.8581,0.3253,0.7068,0.4455,1811.23,65.55
28_F,Markov-1,0.8661,0.3903,0.7597,0.5157,1822.36,65.96
28_F,Markov-2,0.8535,0.3686,0.7192,0.4874,1804.95,65.33
28_F,VariableOrderMarkov,0.8466,0.3318,0.7129,0.4529,1794.03,64.93
28_F,ContextMarkov,0.8396,0.322,0.7037,0.4418,1783.87,64.56
28_F,ClusterMarkov,0.8188,0.3059,0.6872,0.4233,1753.46,63.46
28_F,GlobalMarkov2,0.8244,0.3506,0.7106,0.4695,1761.6,63.76
28_F,GraphOnly,0.8661,0.3903,0.7597,0.5157,1822.36,65.96
28_F,Graph+Confidence,0.8613,0.425,0.7847,0.5514,1815.92,65.72
28_F,GraphMindRL,0.8631,0.4428,0.7638,0.5606,1818.52,65.82
28_F,RLAdaptiveEnsemble,0.8439,0.3202,0.7019,0.4397,1789.86,64.78
33_F,Random,0.7864,0.1448,0.4585,0.2201,1843.22,66.71
33_F,LRU,0.9034,0.5605,0.8585,0.6782,2012.6,72.84
33_F,LFU,0.9045,0.5864,0.876,0.7025,2014.36,72.9
33_F,Frequency,0.9065,0.5763,0.8718,0.6939,2017.2,73.01
33_F,RecencyFrequency,0.9065,0.5763,0.8718,0.6939,2017.2,73.01
33_F,Markov-1,0.9119,0.6473,0.9007,0.7533,2024.0,73.25
33_F,Markov-2,0.9017,0.6609,0.8938,0.7599,2009.59,72.73
33_F,VariableOrderMarkov,0.8921,0.639,0.8985,0.7468,1996.93,72.27
33_F,ContextMarkov,0.8904,0.6331,0.8961,0.742,1994.42,72.18
33_F,ClusterMarkov,0.8814,0.6274,0.8938,0.7373,1980.85,71.69
33_F,GlobalMarkov2,0.9017,0.623,0.8852,0.7313,2009.44,72.73
33_F,GraphOnly,0.9119,0.6473,0.9007,0.7533,2024.0,73.25
33_F,Graph+Confidence,0.9065,0.6504,0.9003,0.7552,2016.84,72.99
33_F,GraphMindRL,0.9054,0.6694,0.8901,0.7641,2015.47,72.95
33_F,RLAdaptiveEnsemble,0.8904,0.629,0.8945,0.7386,1994.74,72.19
18_F,Random,0.498,0.0953,0.3451,0.1494,783.22,28.35
18_F,LRU,0.9505,0.187,0.5347,0.2771,1443.26,52.24
18_F,LFU,0.9505,0.5397,0.8541,0.6614,1443.26,52.24
18_F,Frequency,0.9505,0.5083,0.8379,0.6327,1443.26,52.24
18_F,RecencyFrequency,0.9505,0.4378,0.7957,0.5648,1443.26,52.24
18_F,Markov-1,0.9518,0.7535,0.9374,0.8355,1444.72,52.29
18_F,Markov-2,0.9298,0.7616,0.9342,0.8391,1412.91,51.14
18_F,VariableOrderMarkov,0.9304,0.751,0.9378,0.8341,1413.71,51.17
18_F,ContextMarkov,0.9239,0.7276,0.9303,0.8166,1404.16,50.82
18_F,ClusterMarkov,0.9083,0.7405,0.9338,0.826,1381.72,50.01
18_F,GlobalMarkov2,0.9207,0.7282,0.9254,0.815,1399.72,50.66
18_F,GraphOnly,0.9518,0.7535,0.9374,0.8355,1444.72,52.29
18_F,Graph+Confidence,0.9503,0.7573,0.9374,0.8377,1442.95,52.22
18_F,GraphMindRL,0.9527,0.7239,0.9112,0.8069,1446.46,52.35
18_F,RLAdaptiveEnsemble,0.9362,0.7438,0.9355,0.8287,1422.14,51.47
11_F,Random,0.7102,0.1466,0.462,0.2226,1522.5,55.1
11_F,LRU,0.93,0.3884,0.7579,0.5136,1839.78,66.59
11_F,LFU,0.9323,0.4548,0.8062,0.5815,1843.08,66.71
11_F,Frequency,0.933,0.4567,0.8078,0.5835,1844.19,66.75
11_F,RecencyFrequency,0.933,0.4567,0.8078,0.5835,1844.19,66.75
11_F,Markov-1,0.9345,0.5512,0.8568,0.6708,1846.39,66.83
11_F,Markov-2,0.93,0.5623,0.849,0.6766,1840.08,66.6
11_F,VariableOrderMarkov,0.9319,0.5435,0.8562,0.665,1842.68,66.69
11_F,ContextMarkov,0.9307,0.5153,0.8417,0.6393,1840.81,66.62
11_F,ClusterMarkov,0.9142,0.5393,0.8509,0.6602,1816.89,65.76
11_F,GlobalMarkov2,0.907,0.508,0.8255,0.6289,1807.56,65.42
11_F,GraphOnly,0.9345,0.5512,0.8568,0.6708,1846.39,66.83
11_F,Graph+Confidence,0.9296,0.5136,0.8375,0.6367,1839.15,66.56
11_F,GraphMindRL,0.9311,0.5222,0.8121,0.6356,1841.43,66.65
11_F,RLAdaptiveEnsemble,0.9296,0.5166,0.8424,0.6405,1839.53,66.58
14_F,Random,0.9261,0.1816,0.5259,0.2699,2271.58,82.21
14_F,LRU,0.9656,0.4216,0.6544,0.5129,2329.35,84.31
14_F,LFU,0.9656,0.2911,0.6693,0.4057,2329.35,84.31
14_F,Frequency,0.9674,0.2908,0.6722,0.406,2331.87,84.4
14_F,RecencyFrequency,0.9691,0.2977,0.6795,0.4141,2334.38,84.49
14_F,Markov-1,0.9811,0.7797,0.928,0.8474,2351.96,85.12
14_F,Markov-2,0.9828,0.7345,0.8951,0.8069,2354.47,85.21
14_F,VariableOrderMarkov,0.9759,0.2857,0.6667,0.4,2344.43,84.85
14_F,ContextMarkov,0.9708,0.2825,0.6632,0.3962,2336.89,84.58
14_F,ClusterMarkov,0.9691,0.2853,0.6611,0.3986,2334.38,84.49
14_F,GlobalMarkov2,0.9759,0.7011,0.8982,0.7875,2344.43,84.85
14_F,GraphOnly,0.9811,0.7797,0.928,0.8474,2351.96,85.12
14_F,Graph+Confidence,0.9725,0.7906,0.9285,0.854,2339.4,84.67
14_F,GraphMindRL,0.9725,0.797,0.9207,0.8544,2339.4,84.67
14_F,RLAdaptiveEnsemble,0.9742,0.2831,0.6638,0.3969,2341.91,84.76
20_M,Random,0.7535,0.1378,0.4442,0.2104,1824.89,66.05
20_M,LRU,0.8697,0.3516,0.6843,0.4645,1994.77,72.2
20_M,LFU,0.8785,0.2769,0.6548,0.3892,2007.64,72.66
20_M,Frequency,0.8451,0.2143,0.5769,0.3125,1958.73,70.89
20_M,RecencyFrequency,0.8539,0.2436,0.6169,0.3493,1971.6,71.36
20_M,Markov-1,0.8979,0.319,0.6964,0.4376,2035.95,73.69
20_M,Markov-2,0.8768,0.3912,0.6667,0.4931,2005.06,72.57
20_M,VariableOrderMarkov,0.8151,0.187,0.535,0.2772,1914.98,69.31
20_M,ContextMarkov,0.8081,0.1824,0.5273,0.271,1904.68,68.94
20_M,ClusterMarkov,0.8028,0.1758,0.5132,0.2619,1896.96,68.66
20_M,GlobalMarkov2,0.8521,0.3592,0.6422,0.4608,1969.03,71.26
20_M,GraphOnly,0.8979,0.319,0.6964,0.4376,2035.95,73.69
20_M,Graph+Confidence,0.8944,0.4775,0.8102,0.6009,2030.8,73.5
20_M,GraphMindRL,0.8908,0.5107,0.8024,0.6241,2025.65,73.31
20_M,RLAdaptiveEnsemble,0.8204,0.1861,0.5334,0.2759,1922.7,69.59
12_M,Random,0.4136,0.0879,0.3252,0.1384,791.07,28.63
12_M,LRU,0.8739,0.2261,0.5933,0.3275,1461.31,52.89
12_M,LFU,0.8729,0.3187,0.7001,0.438,1459.48,52.82
12_M,Frequency,0.8803,0.3036,0.6855,0.4209,1470.63,53.23
12_M,RecencyFrequency,0.8803,0.3036,0.6855,0.4209,1470.63,53.23
12_M,Markov-1,0.8417,0.42,0.7834,0.5469,1414.12,51.18
12_M,Markov-2,0.7829,0.414,0.7568,0.5352,1329.16,48.11
12_M,VariableOrderMarkov,0.8475,0.4353,0.794,0.5623,1422.88,51.5
12_M,ContextMarkov,0.8463,0.418,0.7822,0.5448,1420.76,51.42
12_M,ClusterMarkov,0.7671,0.3906,0.7621,0.5165,1305.17,47.24
12_M,GlobalMarkov2,0.7617,0.3763,0.7316,0.497,1298.33,46.99
12_M,GraphOnly,0.8417,0.42,0.7834,0.5469,1414.12,51.18
12_M,Graph+Confidence,0.8771,0.3854,0.7578,0.5109,1465.69,53.05
12_M,GraphMindRL,0.8794,0.3939,0.7265,0.5109,1469.09,53.17
12_M,RLAdaptiveEnsemble,0.8475,0.4165,0.7811,0.5433,1422.53,51.48
16_F,Random,0.8534,0.1694,0.5048,0.2536,2023.92,73.25
16_F,LRU,0.9345,0.6211,0.877,0.7272,2140.34,77.46
16_F,LFU,0.9353,0.6615,0.906,0.7647,2141.48,77.51
16_F,Frequency,0.9376,0.633,0.8961,0.7419,2144.75,77.62
16_F,RecencyFrequency,0.9376,0.633,0.8961,0.7419,2144.75,77.62
16_F,Markov-1,0.9446,0.6616,0.8832,0.7565,2155.01,78.0
16_F,Markov-2,0.9399,0.6725,0.8721,0.7594,2148.33,77.75
16_F,VariableOrderMarkov,0.9345,0.6226,0.8919,0.7333,2140.19,77.46
16_F,ContextMarkov,0.9259,0.5584,0.8635,0.6782,2127.8,77.01
16_F,ClusterMarkov,0.9197,0.5567,0.8626,0.6767,2118.68,76.68
16_F,GlobalMarkov2,0.9204,0.5655,0.8509,0.6794,2119.66,76.72
16_F,GraphOnly,0.9446,0.6616,0.8832,0.7565,2155.01,78.0
16_F,Graph+Confidence,0.9407,0.6547,0.879,0.7504,2149.47,77.79
16_F,GraphMindRL,0.9368,0.6689,0.8662,0.7549,2143.77,77.59
16_F,RLAdaptiveEnsemble,0.936,0.5763,0.8718,0.6939,2142.47,77.54
21_F,Random,0.6904,0.1389,0.4464,0.2119,1591.52,57.6
21_F,LRU,0.8712,0.2926,0.6628,0.4059,1850.97,66.99
21_F,LFU,0.8767,0.3024,0.6813,0.4189,1858.99,67.28
21_F,Frequency,0.8685,0.2516,0.627,0.3591,1846.97,66.85
21_F,RecencyFrequency,0.8767,0.2565,0.633,0.3651,1858.99,67.28
21_F,Markov-1,0.9096,0.3575,0.7299,0.4799,1907.51,69.04
21_F,Markov-2,0.9068,0.3791,0.6748,0.4855,1904.86,68.94
21_F,VariableOrderMarkov,0.8301,0.2396,0.6117,0.3443,1791.98,64.86
21_F,ContextMarkov,0.8384,0.2444,0.6179,0.3503,1803.45,65.27
21_F,ClusterMarkov,0.7973,0.2308,0.6,0.3333,1745.01,63.16
21_F,GlobalMarkov2,0.8356,0.3174,0.6532,0.4272,1801.17,65.19
21_F,GraphOnly,0.9096,0.3575,0.7299,0.4799,1907.51,69.04
21_F,Graph+Confidence,0.8986,0.4035,0.7616,0.5275,1890.31,68.42
21_F,GraphMindRL,0.8986,0.435,0.75,0.5507,1890.31,68.42
21_F,RLAdaptiveEnsemble,0.8301,0.2431,0.6162,0.3486,1792.53,64.88
7_F,Random,0.8398,0.1639,0.495,0.2463,1681.11,60.84
7_F,LRU,0.9602,0.517,0.8403,0.6402,1857.23,67.22
7_F,LFU,0.9602,0.6865,0.9159,0.7848,1857.23,67.22
7_F,Frequency,0.9604,0.6826,0.9149,0.7818,1857.65,67.23
7_F,RecencyFrequency,0.9604,0.6826,0.9149,0.7818,1857.65,67.23
7_F,Markov-1,0.9668,0.7642,0.9402,0.8431,1866.29,67.55
7_F,Markov-2,0.9547,0.7729,0.9356,0.8465,1848.51,66.9
7_F,VariableOrderMarkov,0.9573,0.7704,0.9438,0.8483,1852.34,67.04
7_F,ContextMarkov,0.9556,0.745,0.9359,0.8297,1849.66,66.94
7_F,ClusterMarkov,0.9461,0.7592,0.9396,0.8398,1836.05,66.45
7_F,GlobalMarkov2,0.9424,0.7457,0.9298,0.8276,1830.55,66.25
7_F,GraphOnly,0.9668,0.7642,0.9402,0.8431,1866.29,67.55
7_F,Graph+Confidence,0.9633,0.711,0.9232,0.8033,1861.9,67.39
7_F,GraphMindRL,0.9613,0.7232,0.9114,0.8065,1858.79,67.27
7_F,RLAdaptiveEnsemble,0.9564,0.7526,0.9383,0.8353,1851.02,66.99
6_M,Random,0.7778,0.1449,0.4587,0.2203,1853.54,67.08
6_M,LRU,0.9202,0.5228,0.8352,0.643,2060.39,74.57
6_M,LFU,0.9202,0.4595,0.8077,0.5857,2060.39,74.57
6_M,Frequency,0.9231,0.4558,0.8073,0.5827,2064.56,74.72
6_M,RecencyFrequency,0.9231,0.4547,0.8065,0.5815,2064.56,74.72
6_M,Markov-1,0.9487,0.5016,0.7966,0.6156,2101.34,76.05
6_M,Markov-2,0.9131,0.518,0.7824,0.6233,2049.98,74.19
6_M,VariableOrderMarkov,0.8832,0.4232,0.7858,0.5501,2007.65,72.66
6_M,ContextMarkov,0.8746,0.3854,0.7582,0.511,1994.45,72.18
6_M,ClusterMarkov,0.8718,0.4122,0.7639,0.5355,1990.99,72.06
6_M,GlobalMarkov2,0.9088,0.4461,0.767,0.5641,2045.14,74.02
6_M,GraphOnly,0.9487,0.5016,0.7966,0.6156,2101.34,76.05
6_M,Graph+Confidence,0.9316,0.5586,0.8192,0.6643,2077.05,75.17
6_M,GraphMindRL,0.9316,0.5914,0.8096,0.6835,2077.05,75.17
6_M,RLAdaptiveEnsemble,0.8803,0.3913,0.7627,0.5172,2002.78,72.49
8_M,Random,0.9498,0.1911,0.5415,0.2825,2320.72,83.99
8_M,LRU,0.9816,0.8379,0.9384,0.8853,2365.64,85.62
8_M,LFU,0.9816,0.8252,0.9576,0.8865,2365.64,85.62
8_M,Frequency,0.9816,0.8149,0.9565,0.8801,2365.64,85.62
8_M,RecencyFrequency,0.9816,0.8518,0.9664,0.9055,2365.64,85.62
8_M,Markov-1,0.9795,0.8416,0.9627,0.8981,2362.13,85.49
8_M,Markov-2,0.9857,0.8555,0.9628,0.906,2372.13,85.85
8_M,VariableOrderMarkov,0.9785,0.8165,0.957,0.8812,2362.66,85.51
8_M,ContextMarkov,0.9846,0.8022,0.953,0.8711,2370.64,85.8
8_M,ClusterMarkov,0.9826,0.8206,0.9581,0.8841,2366.63,85.65
8_M,GlobalMarkov2,0.9734,0.8245,0.9564,0.8855,2354.66,85.22
8_M,GraphOnly,0.9795,0.8416,0.9627,0.8981,2362.13,85.49
8_M,Graph+Confidence,0.9816,0.849,0.9628,0.9023,2365.64,85.62
8_M,GraphMindRL,0.9816,0.839,0.9519,0.8919,2365.64,85.62
8_M,RLAdaptiveEnsemble,0.9764,0.8052,0.9538,0.8732,2358.65,85.37
27_F,Random,0.3908,0.0784,0.2984,0.1242,838.33,30.34
27_F,LRU,0.7138,0.2248,0.5908,0.3257,1308.94,47.37
27_F,LFU,0.723,0.2862,0.6664,0.4004,1322.37,47.86
27_F,Frequency,0.7272,0.2881,0.6693,0.4028,1328.57,48.08
27_F,RecencyFrequency,0.7272,0.2881,0.6693,0.4028,1328.57,48.08
27_F,Markov-1,0.6926,0.313,0.67,0.4267,1279.19,46.3
27_F,Markov-2,0.6473,0.3233,0.6361,0.4287,1212.9,43.9
27_F,VariableOrderMarkov,0.6594,0.2995,0.6813,0.4161,1230.32,44.53
27_F,ContextMarkov,0.658,0.2875,0.6687,0.4022,1228.39,44.46
27_F,ClusterMarkov,0.6127,0.2825,0.6537,0.3945,1161.99,42.06
27_F,GlobalMarkov2,0.658,0.2828,0.6226,0.3889,1227.6,44.43
27_F,GraphOnly,0.6926,0.313,0.67,0.4267,1279.19,46.3
27_F,Graph+Confidence,0.7258,0.3184,0.6747,0.4327,1326.65,48.01
27_F,GraphMindRL,0.7237,0.3313,0.6632,0.4419,1323.55,47.9
27_F,RLAdaptiveEnsemble,0.6516,0.2852,0.6661,0.3994,1219.1,44.12
24_F,Random,0.8456,0.1586,0.4852,0.2391,1832.41,66.32
24_F,LRU,0.9769,0.5551,0.8591,0.6744,2027.55,73.38
24_F,LFU,0.9771,0.6615,0.9068,0.765,2027.96,73.4
24_F,Frequency,0.9771,0.6597,0.9065,0.7636,2027.9,73.39
24_F,RecencyFrequency,0.9771,0.6629,0.9077,0.7662,2027.9,73.39
24_F,Markov-1,0.9845,0.8111,0.9535,0.8765,2038.58,73.78
24_F,Markov-2,0.9814,0.7929,0.9432,0.8615,2034.22,73.62
24_F,VariableOrderMarkov,0.9714,0.7288,0.9307,0.8175,2019.68,73.1
24_F,ContextMarkov,0.9683,0.7322,0.9318,0.8201,2015.58,72.95
24_F,ClusterMarkov,0.9669,0.7259,0.9291,0.815,2013.15,72.86
24_F,GlobalMarkov2,0.9762,0.771,0.9384,0.8465,2026.51,73.34
24_F,GraphOnly,0.9845,0.8111,0.9535,0.8765,2038.58,73.78
24_F,Graph+Confidence,0.9786,0.7192,0.9253,0.8093,2030.23,73.48
24_F,GraphMindRL,0.9783,0.7148,0.9076,0.7998,2029.76,73.46
24_F,RLAdaptiveEnsemble,0.97,0.7313,0.9315,0.8193,2018.06,73.04
13_F,Random,0.7747,0.1505,0.4698,0.228,1805.82,65.36
13_F,LRU,0.9405,0.4738,0.8102,0.5979,2045.81,74.04
13_F,LFU,0.9423,0.4973,0.8307,0.6222,2048.48,74.14
13_F,Frequency,0.9451,0.4552,0.8069,0.5821,2052.5,74.29
13_F,RecencyFrequency,0.9451,0.4552,0.8069,0.5821,2052.5,74.29
13_F,Markov-1,0.956,0.5007,0.8258,0.6234,2068.6,74.87
13_F,Markov-2,0.9405,0.5149,0.8163,0.6315,2045.96,74.05
13_F,VariableOrderMarkov,0.9396,0.4768,0.82,0.603,2044.44,73.99
13_F,ContextMarkov,0.9451,0.4613,0.8106,0.588,2052.47,74.28
13_F,ClusterMarkov,0.9249,0.4641,0.812,0.5906,2023.96,73.25
13_F,GlobalMarkov2,0.9158,0.4296,0.7762,0.5531,2009.84,72.74
13_F,GraphOnly,0.956,0.5007,0.8258,0.6234,2068.6,74.87
13_F,Graph+Confidence,0.946,0.5619,0.8564,0.6786,2053.84,74.33
13_F,GraphMindRL,0.9441,0.5622,0.8289,0.67,2051.16,74.24
13_F,RLAdaptiveEnsemble,0.9432,0.4742,0.8185,0.6005,2049.79,74.19
17_F,Random,0.8931,0.1703,0.5065,0.2549,2199.84,79.62
17_F,LRU,0.9566,0.5047,0.7554,0.6051,2296.11,83.1
17_F,LFU,0.9566,0.3602,0.7354,0.4836,2296.11,83.1
17_F,Frequency,0.9595,0.3408,0.721,0.4628,2300.72,83.27
17_F,RecencyFrequency,0.9595,0.3648,0.7417,0.4891,2300.72,83.27
17_F,Markov-1,0.9697,0.6709,0.8965,0.7674,2314.84,83.78
17_F,Markov-2,0.9639,0.6902,0.891,0.7779,2306.73,83.49
17_F,VariableOrderMarkov,0.9624,0.3789,0.7531,0.5042,2305.28,83.43
17_F,ContextMarkov,0.948,0.3533,0.732,0.4766,2282.77,82.62
17_F,ClusterMarkov,0.9465,0.3715,0.7392,0.4945,2280.65,82.54
17_F,GlobalMarkov2,0.9552,0.6366,0.8824,0.7396,2293.33,83.0
17_F,GraphOnly,0.9697,0.6709,0.8965,0.7674,2314.84,83.78
17_F,Graph+Confidence,0.9697,0.7048,0.9046,0.7923,2315.51,83.8
17_F,GraphMindRL,0.9653,0.7331,0.8992,0.8077,2309.17,83.57
17_F,RLAdaptiveEnsemble,0.9494,0.3659,0.7426,0.4902,2285.26,82.71
29_F,Random,0.8807,0.17,0.506,0.2545,1639.74,59.35
29_F,LRU,0.9785,0.5692,0.8665,0.687,1780.71,64.45
29_F,LFU,0.9785,0.6894,0.916,0.7867,1780.71,64.45
29_F,Frequency,0.9785,0.6665,0.909,0.7691,1780.71,64.45
29_F,RecencyFrequency,0.9785,0.6814,0.9145,0.7809,1780.71,64.45
29_F,Markov-1,0.9834,0.8556,0.9586,0.9042,1788.11,64.72
29_F,Markov-2,0.9785,0.8521,0.9511,0.8989,1780.71,64.45
29_F,VariableOrderMarkov,0.9609,0.8062,0.9541,0.8739,1755.3,63.53
29_F,ContextMarkov,0.9619,0.7668,0.9427,0.8457,1758.03,63.63
29_F,ClusterMarkov,0.9413,0.8105,0.9481,0.8739,1726.72,62.49
29_F,GlobalMarkov2,0.9677,0.817,0.9473,0.8773,1765.37,63.89
29_F,GraphOnly,0.9834,0.8556,0.9586,0.9042,1788.11,64.72
29_F,Graph+Confidence,0.9795,0.8648,0.9541,0.9072,1782.4,64.51
29_F,GraphMindRL,0.9785,0.8706,0.9481,0.9077,1780.71,64.45
29_F,RLAdaptiveEnsemble,0.9638,0.8082,0.9547,0.8753,1759.01,63.66
22_M,Random,0.8207,0.1538,0.4761,0.2325,1558.78,56.42
22_M,LRU,0.9614,0.4882,0.8254,0.6135,1764.5,63.86
22_M,LFU,0.9614,0.682,0.9141,0.7812,1764.5,63.86
22_M,Frequency,0.9618,0.6845,0.9156,0.7834,1765.09,63.88
22_M,RecencyFrequency,0.9618,0.6845,0.9156,0.7834,1765.09,63.88
22_M,Markov-1,0.9768,0.8019,0.951,0.8701,1787.18,64.68
22_M,Markov-2,0.9711,0.8059,0.9406,0.868,1778.86,64.38
22_M,VariableOrderMarkov,0.9687,0.7917,0.95,0.8636,1775.2,64.25
22_M,ContextMarkov,0.9667,0.7676,0.9429,0.8463,1772.32,64.14
22_M,ClusterMarkov,0.9597,0.7864,0.9481,0.8597,1762.12,63.78
22_M,GlobalMarkov2,0.9638,0.7761,0.9391,0.8499,1767.86,63.98
22_M,GraphOnly,0.9768,0.8019,0.951,0.8701,1787.18,64.68
22_M,Graph+Confidence,0.9662,0.7248,0.927,0.8135,1771.63,64.12
22_M,GraphMindRL,0.9646,0.7354,0.9153,0.8155,1769.25,64.03
22_M,RLAdaptiveEnsemble,0.965,0.7758,0.9454,0.8522,1769.85,64.06
26_F,Random,0.9247,0.1824,0.5273,0.271,2241.45,81.12
26_F,LRU,0.9736,0.7667,0.9289,0.84,2313.1,83.72
26_F,LFU,0.9736,0.779,0.9452,0.8541,2313.1,83.72
26_F,Frequency,0.9752,0.7284,0.9306,0.8172,2315.44,83.8
26_F,RecencyFrequency,0.9752,0.7435,0.9355,0.8285,2315.44,83.8
26_F,Markov-1,0.9848,0.7983,0.9479,0.8667,2329.5,84.31
26_F,Markov-2,0.9872,0.8014,0.9423,0.8661,2333.01,84.44
26_F,VariableOrderMarkov,0.9728,0.7643,0.9419,0.8438,2311.93,83.67
26_F,ContextMarkov,0.972,0.7709,0.9439,0.8487,2310.76,83.63
26_F,ClusterMarkov,0.9615,0.7652,0.9403,0.8438,2295.34,83.07
26_F,GlobalMarkov2,0.9679,0.6876,0.91,0.7833,2304.32,83.4
26_F,GraphOnly,0.9848,0.7983,0.9479,0.8667,2329.5,84.31
26_F,Graph+Confidence,0.9784,0.7773,0.9404,0.8511,2320.13,83.97
26_F,GraphMindRL,0.9776,0.781,0.9295,0.8488,2318.96,83.93
26_F,RLAdaptiveEnsemble,0.9712,0.7681,0.9431,0.8467,2309.59,83.59
23_F,Random,0.8101,0.1605,0.4887,0.2417,1786.35,64.65
23_F,LRU,0.9109,0.5028,0.8274,0.6255,1933.56,69.98
23_F,LFU,0.9128,0.5382,0.8509,0.6593,1936.91,70.1
23_F,Frequency,0.905,0.5031,0.835,0.6279,1924.55,69.65
23_F,RecencyFrequency,0.9109,0.5347,0.8518,0.657,1933.56,69.98
23_F,Markov-1,0.9147,0.6019,0.8531,0.7058,1940.52,70.23
23_F,Markov-2,0.9205,0.6134,0.8414,0.7095,1948.63,70.53
23_F,VariableOrderMarkov,0.8915,0.5523,0.8605,0.6728,1906.0,68.98
23_F,ContextMarkov,0.9012,0.5006,0.8337,0.6256,1920.94,69.52
23_F,ClusterMarkov,0.874,0.5264,0.8354,0.6459,1882.95,68.15
23_F,GlobalMarkov2,0.8779,0.46,0.7893,0.5812,1888.61,68.35
23_F,GraphOnly,0.9147,0.6019,0.8531,0.7058,1940.52,70.23
23_F,Graph+Confidence,0.9225,0.6669,0.8749,0.7569,1950.95,70.61
23_F,GraphMindRL,0.9225,0.6812,0.8648,0.7621,1950.43,70.59
23_F,RLAdaptiveEnsemble,0.9012,0.5538,0.8612,0.6741,1920.69,69.51
15_F,Random,0.9109,0.1738,0.5126,0.2596,2206.59,79.86
15_F,LRU,0.9493,0.7254,0.9098,0.8072,2264.96,81.97
15_F,LFU,0.9443,0.6722,0.9089,0.7728,2257.72,81.71
15_F,Frequency,0.9468,0.6875,0.9167,0.7857,2261.34,81.84
15_F,RecencyFrequency,0.948,0.6912,0.918,0.7886,2263.15,81.91
15_F,Markov-1,0.9592,0.7605,0.9374,0.8398,2279.52,82.5
15_F,Markov-2,0.9542,0.7669,0.9278,0.8397,2272.53,82.25
15_F,VariableOrderMarkov,0.9431,0.6906,0.9178,0.7882,2255.17,81.62
15_F,ContextMarkov,0.9443,0.6766,0.9127,0.7771,2257.4,81.7
15_F,ClusterMarkov,0.9307,0.6749,0.9121,0.7758,2237.07,80.97
15_F,GlobalMarkov2,0.9356,0.7145,0.9207,0.8046,2242.62,81.17
15_F,GraphOnly,0.9592,0.7605,0.9374,0.8398,2279.52,82.5
15_F,Graph+Confidence,0.948,0.7904,0.9421,0.8596,2263.48,81.92
15_F,GraphMindRL,0.9455,0.8043,0.9363,0.8653,2259.86,81.79
15_F,RLAdaptiveEnsemble,0.9431,0.6871,0.9165,0.7854,2255.09,81.62
1_M,Random,0.8678,0.1605,0.4888,0.2417,2101.54,76.06
1_M,LRU,0.9449,0.5793,0.8367,0.6846,2207.91,79.91
1_M,LFU,0.9449,0.4983,0.8288,0.6224,2207.91,79.91
1_M,Frequency,0.9449,0.4763,0.8197,0.6025,2206.82,79.87
1_M,RecencyFrequency,0.9515,0.5093,0.8384,0.6336,2216.48,80.22
1_M,Markov-1,0.9604,0.6356,0.8909,0.7419,2230.26,80.72
1_M,Markov-2,0.9604,0.631,0.8616,0.7285,2230.26,80.72
1_M,VariableOrderMarkov,0.9493,0.4906,0.8281,0.6162,2213.26,80.1
1_M,ContextMarkov,0.9361,0.4846,0.8246,0.6105,2193.94,79.4
1_M,ClusterMarkov,0.9185,0.4676,0.8126,0.5936,2168.18,78.47
1_M,GlobalMarkov2,0.9604,0.5536,0.8425,0.6682,2230.26,80.72
1_M,GraphOnly,0.9604,0.6356,0.8909,0.7419,2230.26,80.72
1_M,Graph+Confidence,0.9515,0.7102,0.9164,0.8002,2218.46,80.29
1_M,GraphMindRL,0.9559,0.7053,0.8985,0.7903,2224.9,80.52
1_M,RLAdaptiveEnsemble,0.9405,0.4833,0.8239,0.6092,2200.38,79.64
30_F,Random,0.8417,0.1612,0.49,0.2426,2006.12,72.61
30_F,LRU,0.9472,0.4814,0.7948,0.5996,2159.84,78.17
30_F,LFU,0.945,0.4944,0.8264,0.6186,2156.48,78.05
30_F,Frequency,0.945,0.4737,0.8182,0.6,2156.48,78.05
30_F,RecencyFrequency,0.9495,0.4724,0.8174,0.5988,2163.19,78.29
30_F,Markov-1,0.945,0.6182,0.889,0.7293,2156.48,78.05
30_F,Markov-2,0.945,0.6328,0.8831,0.7373,2156.48,78.05
30_F,VariableOrderMarkov,0.9518,0.4728,0.8176,0.5991,2166.54,78.41
30_F,ContextMarkov,0.9404,0.4337,0.7929,0.5607,2149.78,77.81
30_F,ClusterMarkov,0.9266,0.4559,0.8069,0.5826,2129.66,77.08
30_F,GlobalMarkov2,0.922,0.5821,0.8638,0.6955,2122.95,76.84
30_F,GraphOnly,0.945,0.6182,0.889,0.7293,2156.48,78.05
30_F,Graph+Confidence,0.9495,0.6303,0.8916,0.7385,2163.19,78.29
30_F,GraphMindRL,0.9518,0.664,0.8859,0.7591,2166.54,78.41
30_F,RLAdaptiveEnsemble,0.9472,0.4511,0.8042,0.578,2159.84,78.17
9_M,Random,0.85,0.2015,0.5578,0.296,1910.25,69.14
9_M,LRU,0.8375,0.2463,0.5753,0.345,1891.97,68.48
9_M,LFU,0.8375,0.2216,0.5753,0.32,1891.97,68.48
9_M,Frequency,0.8875,0.2308,0.6,0.3333,1965.08,71.12
9_M,RecencyFrequency,0.85,0.2199,0.585,0.3197,1910.25,69.14
9_M,Markov-1,0.8875,0.343,0.7067,0.4619,1965.08,71.12
9_M,Markov-2,0.9125,0.4454,0.6974,0.5436,2001.62,72.44
9_M,VariableOrderMarkov,0.875,0.1801,0.5235,0.268,1949.69,70.56
9_M,ContextMarkov,0.85,0.1724,0.5102,0.2577,1910.25,69.14
9_M,ClusterMarkov,0.8125,0.1639,0.4861,0.2452,1855.42,67.15
9_M,GlobalMarkov2,0.8375,0.3798,0.6712,0.4851,1894.87,68.58
9_M,GraphOnly,0.8875,0.343,0.7067,0.4619,1965.08,71.12
9_M,Graph+Confidence,0.8875,0.4145,0.76,0.5365,1965.08,71.12
9_M,GraphMindRL,0.9125,0.444,0.7566,0.5596,2001.62,72.44
9_M,RLAdaptiveEnsemble,0.8375,0.1705,0.5068,0.2552,1891.97,68.48
10_M,Random,0.9661,0.2652,0.6435,0.3756,2404.63,87.03
10_M,LRU,0.9661,0.6696,0.6522,0.6608,2404.63,87.03
10_M,LFU,0.9661,0.5435,0.6522,0.5929,2404.63,87.03
10_M,Frequency,0.9661,0.2804,0.6609,0.3938,2404.63,87.03
10_M,RecencyFrequency,0.9661,0.2804,0.6609,0.3938,2404.63,87.03
10_M,Markov-1,0.9661,0.9167,0.9565,0.9362,2404.63,87.03
10_M,Markov-2,0.9661,0.9167,0.9565,0.9362,2404.63,87.03
10_M,VariableOrderMarkov,0.9661,0.2804,0.6609,0.3938,2404.63,87.03
10_M,ContextMarkov,0.9661,0.2804,0.6609,0.3938,2404.63,87.03
10_M,ClusterMarkov,0.9661,0.2727,0.6522,0.3846,2404.63,87.03
10_M,GlobalMarkov2,0.9831,0.4923,0.8276,0.6174,2429.41,87.93
10_M,GraphOnly,0.9661,0.9167,0.9565,0.9362,2404.63,87.03
10_M,Graph+Confidence,0.9661,0.9565,0.9565,0.9565,2404.63,87.03
10_M,GraphMindRL,0.9661,0.9565,0.9565,0.9565,2404.63,87.03
10_M,RLAdaptiveEnsemble,0.9661,0.2804,0.6609,0.3938,2404.63,87.03
